{"cameraMode":{"drawMode":0,"name":"Shaded","section":"Shading Mode"},"sceneLighting":true,"audioPlay":false,"sceneViewState":{"showFog":true,"showMaterialUpdate":true,"showSkybox":true,"showFlares":true,"showImageEffects":true,"showParticleSystems":true},"in2DMode":false,"pivot":{"x":0.4999563694000244,"y":0.3233304023742676,"z":-0.6624755859375},"rotation":{"x":-0.2586687207221985,"y":-0.3195383846759796,"z":0.09112413227558136,"w":-0.90701824426651},"size":11.26402473449707,"orthographic":false}