{"cameraMode":{"drawMode":0,"name":"Shaded","section":"Shading Mode"},"sceneLighting":false,"audioPlay":false,"sceneViewState":{"showFog":true,"showMaterialUpdate":true,"showSkybox":true,"showFlares":true,"showImageEffects":true,"showParticleSystems":true},"in2DMode":false,"pivot":{"x":3.7466955184936525,"y":1.036111831665039,"z":4.532297134399414},"rotation":{"x":-0.04020293056964874,"y":0.9597700834274292,"z":-0.19286669790744782,"w":-0.2000690996646881},"size":8.635618209838868,"orthographic":false}