{"cameraMode":{"drawMode":0,"name":"Shaded","section":"Shading Mode"},"sceneLighting":false,"audioPlay":false,"sceneViewState":{"showFog":true,"showMaterialUpdate":true,"showSkybox":true,"showFlares":true,"showImageEffects":true,"showParticleSystems":true},"in2DMode":false,"pivot":{"x":19.979839324951173,"y":0.03199451416730881,"z":22.05677032470703},"rotation":{"x":-0.39645373821258547,"y":-0.050654731690883639,"z":0.02190626971423626,"w":-0.9163944125175476},"size":0.2600075900554657,"orthographic":false}