{"cameraMode":{"drawMode":0,"name":"Shaded","section":"Shading Mode"},"sceneLighting":false,"audioPlay":false,"sceneViewState":{"showFog":true,"showMaterialUpdate":true,"showSkybox":true,"showFlares":true,"showImageEffects":true,"showParticleSystems":true},"in2DMode":false,"pivot":{"x":-5.172222137451172,"y":0.8192434310913086,"z":0.31349945068359377},"rotation":{"x":-0.03051763027906418,"y":0.940390408039093,"z":-0.3271690309047699,"w":-0.08772105723619461},"size":16.103975296020509,"orthographic":false}