{"cameraMode":{"drawMode":0,"name":"Shaded","section":"Shading Mode"},"sceneLighting":false,"audioPlay":false,"sceneViewState":{"showFog":true,"showMaterialUpdate":true,"showSkybox":true,"showFlares":true,"showImageEffects":true,"showParticleSystems":true},"in2DMode":false,"pivot":{"x":-0.09999990463256836,"y":-2.5300002098083498,"z":-0.5999999046325684},"rotation":{"x":-0.04493395984172821,"y":-0.9208833575248718,"z":0.3708164691925049,"w":-0.11157912015914917},"size":4.18271541595459,"orthographic":false}