{"cameraMode":{"drawMode":0,"name":"Shaded","section":"Shading Mode"},"sceneLighting":false,"audioPlay":false,"sceneViewState":{"showFog":true,"showMaterialUpdate":true,"showSkybox":true,"showFlares":true,"showImageEffects":true,"showParticleSystems":true},"in2DMode":false,"pivot":{"x":6.694250106811523,"y":1.0497844219207764,"z":15.169777870178223},"rotation":{"x":-0.6011807322502136,"y":-0.023741576820611955,"z":0.017865801230072976,"w":-0.7985605001449585},"size":19.291540145874025,"orthographic":false}