{"cameraMode":{"drawMode":0,"name":"Shaded","section":"Shading Mode"},"sceneLighting":false,"audioPlay":false,"sceneViewState":{"showFog":true,"showMaterialUpdate":true,"showSkybox":true,"showFlares":true,"showImageEffects":true,"showParticleSystems":true},"in2DMode":false,"pivot":{"x":4.140063285827637,"y":1.3133506774902344,"z":18.641725540161134},"rotation":{"x":-0.19937528669834138,"y":-0.6804707050323486,"z":0.20069456100463868,"w":-0.6759665608406067},"size":22.0,"orthographic":false}