{"cameraMode":{"drawMode":0,"name":"Shaded","section":"Shading Mode"},"sceneLighting":true,"audioPlay":false,"sceneViewState":{"showFog":true,"showMaterialUpdate":true,"showSkybox":true,"showFlares":true,"showImageEffects":true,"showParticleSystems":true},"in2DMode":false,"pivot":{"x":6.699916839599609,"y":-4.208227157592773,"z":21.62649917602539},"rotation":{"x":-0.5758032202720642,"y":-0.02061532437801361,"z":0.014518246054649353,"w":-0.8171994090080261},"size":23.199462890625,"orthographic":false}