{"cameraMode":{"drawMode":0,"name":"Shaded","section":"Shading Mode"},"sceneLighting":false,"audioPlay":false,"sceneViewState":{"showFog":true,"showMaterialUpdate":true,"showSkybox":true,"showFlares":true,"showImageEffects":true,"showParticleSystems":true},"in2DMode":false,"pivot":{"x":3.7466955184936525,"y":1.036111831665039,"z":8.989999771118164},"rotation":{"x":0.0007728203199803829,"y":0.9850956201553345,"z":-0.17194898426532746,"w":0.00442101014778018},"size":10.435136795043946,"orthographic":false}